area,model,actual_lower,actual_upper,n,bias,mae
5161,RidgeAR,108.15299999999999,169.945,101,16.431144259966203,23.675267173017424
5161,RidgeAR,169.945,209.832,101,8.686832667019658,27.770294939760955
5161,RidgeAR,209.832,289.338,101,5.771002900791295,35.852167045985496
5161,RidgeAR,289.338,477.961,100,9.843378510070657,55.55355007878019
5161,RidgeAR,477.961,881.709,101,-14.5099045798743,59.68586388017848
5161,RidgeAR,881.709,1476.8,101,7.4493135217191995,94.72710771804654
5161,RidgeAR,1476.8,2297.9,100,31.124163983486707,107.63095606132974
5161,RidgeAR,2297.9,2805.994,101,39.03839362072741,128.5621285087129
5161,RidgeAR,2805.994,3384.425,101,19.47416399096941,152.86110482106284
5161,RidgeAR,3384.425,5496.44,101,-80.78085987303659,164.3982377882084
5161,LSTM,108.15299999999999,169.945,101,13.335114682982422,22.4594120319134
5161,LSTM,169.945,209.832,101,8.839735717351443,24.335468088184708
5161,LSTM,209.832,289.338,101,13.238483073922913,31.350213286478816
5161,LSTM,289.338,477.961,100,10.482638723445744,46.70055675517249
5161,LSTM,477.961,881.709,101,1.2417058656298334,65.71163763447471
5161,LSTM,881.709,1476.8,101,11.137870836119811,84.46237210217423
5161,LSTM,1476.8,2297.9,100,28.191424588583544,107.31894489714733
5161,LSTM,2297.9,2805.994,101,14.72327168853245,128.5172258862416
5161,LSTM,2805.994,3384.425,101,25.85961708827037,148.56279388861168
5161,LSTM,3384.425,5496.44,101,-50.30900353957373,151.84131746102835
5161,CausalCNN,108.15299999999999,169.945,101,4.276557412205315,17.01284028847395
5161,CausalCNN,169.945,209.832,101,-0.2578930529893466,20.614883040509703
5161,CausalCNN,209.832,289.338,101,6.091068202625059,28.911341050281322
5161,CausalCNN,289.338,477.961,100,1.2600503082998733,44.61677670676138
5161,CausalCNN,477.961,881.709,101,-4.696916108597614,66.53553225651488
5161,CausalCNN,881.709,1476.8,101,4.327664300100611,84.43263148458115
5161,CausalCNN,1476.8,2297.9,100,18.508030003927782,107.28751517312953
5161,CausalCNN,2297.9,2805.994,101,12.433238445157196,129.32041536863093
5161,CausalCNN,2805.994,3384.425,101,21.594303700763103,148.70977646186964
5161,CausalCNN,3384.425,5496.44,101,-36.17636079891335,152.0608539637356
5059,RidgeAR,182.26,274.278,101,29.114822429045308,32.521485279663096
5059,RidgeAR,274.278,332.329,101,17.58691626770032,31.414516809920535
5059,RidgeAR,332.329,418.546,101,11.37554775556069,41.00280002162546
5059,RidgeAR,418.546,631.51,100,6.845911027030192,44.98285443002891
5059,RidgeAR,631.51,927.314,101,-2.1767005753799316,66.77968715364666
5059,RidgeAR,927.314,1471.798,101,0.6532094949030108,88.85387256874021
5059,RidgeAR,1471.798,2005.5,100,10.95426880978036,91.32525375160726
5059,RidgeAR,2005.5,2378.965,101,34.51428694283371,104.58469579507819
5059,RidgeAR,2378.965,2633.186,101,39.71179516342363,87.12636177148947
5059,RidgeAR,2633.186,3207.108,101,-73.43854472679203,129.25338248235988
5059,LSTM,182.26,274.278,101,19.041965991796403,28.201784518437876
5059,LSTM,274.278,332.329,101,4.146628520547363,32.30512174402087
5059,LSTM,332.329,418.546,101,1.512900078443638,36.89733860588402
5059,LSTM,418.546,631.51,100,-0.35151985601977287,43.608754487311224
5059,LSTM,631.51,927.314,101,-9.866878305194293,65.81919586092138
5059,LSTM,927.314,1471.798,101,7.755781597113334,86.26385060174485
5059,LSTM,1471.798,2005.5,100,33.27238154314446,100.20098168129549
5059,LSTM,2005.5,2378.965,101,22.02376709876438,115.96365948041824
5059,LSTM,2378.965,2633.186,101,46.230018391264494,104.97831837248013
5059,LSTM,2633.186,3207.108,101,-80.59088637469554,140.30689308402842
5059,CausalCNN,182.26,274.278,101,12.500221408749804,24.51474338004688
5059,CausalCNN,274.278,332.329,101,1.001613538208775,29.990672879721487
5059,CausalCNN,332.329,418.546,101,-0.16428361536604105,35.509147748962114
5059,CausalCNN,418.546,631.51,100,17.630653101937014,49.13920468940114
5059,CausalCNN,631.51,927.314,101,11.18875751650698,68.99515130631193
5059,CausalCNN,927.314,1471.798,101,38.19848426348097,91.35700382610953
5059,CausalCNN,1471.798,2005.5,100,58.565694141611345,106.94791653293025
5059,CausalCNN,2005.5,2378.965,101,59.461710122974765,112.2311629981096
5059,CausalCNN,2378.965,2633.186,101,82.04011682806386,107.82624422334136
5059,CausalCNN,2633.186,3207.108,101,-35.199829634352554,113.17945683620093
5259,RidgeAR,161.445,246.621,101,23.07992989355927,31.091740394571033
5259,RidgeAR,246.621,332.341,101,22.44247455774526,34.42973637673556
5259,RidgeAR,332.341,422.229,101,8.22270282431389,29.644497067568118
5259,RidgeAR,422.229,509.15,100,17.511166521466492,40.58003417914404
5259,RidgeAR,509.15,651.26,101,5.537333429403295,43.58401105817168
5259,RidgeAR,651.26,979.189,101,-1.7491970710953642,65.21126452411157
5259,RidgeAR,979.189,1866.385,100,-43.06013010559971,87.55702569822894
5259,RidgeAR,1866.385,2771.817,101,9.461141261016929,94.53755587264168
5259,RidgeAR,2771.817,3056.109,101,9.883422424612716,106.58052437667418
5259,RidgeAR,3056.109,3764.53,101,-41.23838816084658,125.3630475566984
5259,LSTM,161.445,246.621,101,-3.4597797621378343,24.854189211029905
5259,LSTM,246.621,332.341,101,-1.759041217760594,34.31643490442678
5259,LSTM,332.341,422.229,101,3.0817471333185864,39.77418903563377
5259,LSTM,422.229,509.15,100,8.919174110821608,42.22127259046167
5259,LSTM,509.15,651.26,101,-7.44270245573243,47.663803477408784
5259,LSTM,651.26,979.189,101,13.968978551400916,68.18087577453541
5259,LSTM,979.189,1866.385,100,-19.142221437677694,72.93832332299235
5259,LSTM,1866.385,2771.817,101,25.17179880449201,91.13094410695116
5259,LSTM,2771.817,3056.109,101,31.382374514179553,116.38484419459922
5259,LSTM,3056.109,3764.53,101,-30.581658206542496,130.7438524496305
5259,CausalCNN,161.445,246.621,101,-3.8451950750733506,33.8784296955071
5259,CausalCNN,246.621,332.341,101,5.2225449576292124,33.243277855908445
5259,CausalCNN,332.341,422.229,101,-3.382028451579785,33.248960078941124
5259,CausalCNN,422.229,509.15,100,10.81934525661838,48.96183131120437
5259,CausalCNN,509.15,651.26,101,11.439182868789391,47.92876619523522
5259,CausalCNN,651.26,979.189,101,34.18407251343764,75.1072830994866
5259,CausalCNN,979.189,1866.385,100,9.563160859137824,69.13613214275648
5259,CausalCNN,1866.385,2771.817,101,54.78866286962454,94.425943328861
5259,CausalCNN,2771.817,3056.109,101,41.1308432566849,94.36654393232764
5259,CausalCNN,3056.109,3764.53,101,13.461733425429015,135.99312183071132
4159,RidgeAR,94.695,117.517,101,7.069100567503423,8.259682039049146
4159,RidgeAR,117.517,129.84,101,4.989436807731298,7.924653088991979
4159,RidgeAR,129.84,145.234,101,7.053036539138692,10.504412144564515
4159,RidgeAR,145.234,165.327,100,7.628118494627471,11.47068467783772
4159,RidgeAR,165.327,199.614,101,3.1512687081448347,15.13284400538058
4159,RidgeAR,199.614,236.688,101,-2.2578699968834135,14.802237634181123
4159,RidgeAR,236.688,309.383,100,-7.712981774542133,19.17859758808745
4159,RidgeAR,309.383,393.225,101,2.5099655155837763,21.19823973926558
4159,RidgeAR,393.225,435.744,101,4.966354899410976,19.11720832304244
4159,RidgeAR,435.744,529.257,101,-10.8211437754188,20.815312795607547
4159,LSTM,94.695,117.517,101,7.628034572577588,8.963838902763188
4159,LSTM,117.517,129.84,101,5.021885743828329,8.344281412144648
4159,LSTM,129.84,145.234,101,6.8675658599078515,10.732137900308816
4159,LSTM,145.234,165.327,100,7.577500072000026,12.535621869154452
4159,LSTM,165.327,199.614,101,2.690913246062587,13.419606263159046
4159,LSTM,199.614,236.688,101,1.5350830238713065,14.399312033820747
4159,LSTM,236.688,309.383,100,-2.2283104006160293,16.720636942976583
4159,LSTM,309.383,393.225,101,-3.5720616529734226,18.19182580060903
4159,LSTM,393.225,435.744,101,-0.7491040289105744,23.171860414517592
4159,LSTM,435.744,529.257,101,-17.128165842629855,24.415359301880983
4159,CausalCNN,94.695,117.517,101,9.600187898760554,10.109562680423451
4159,CausalCNN,117.517,129.84,101,6.913490772471206,9.266792408514943
4159,CausalCNN,129.84,145.234,101,8.039375736291603,11.302916716813154
4159,CausalCNN,145.234,165.327,100,8.428045728681083,11.900760182819354
4159,CausalCNN,165.327,199.614,101,4.327053248055657,15.448373192368521
4159,CausalCNN,199.614,236.688,101,0.12673868547225614,15.31778455213956
4159,CausalCNN,236.688,309.383,100,5.313840506043632,21.35534277115564
4159,CausalCNN,309.383,393.225,101,13.636096966949744,22.781382323683605
4159,CausalCNN,393.225,435.744,101,12.783767295547758,20.55767104400237
4159,CausalCNN,435.744,529.257,101,-6.575868074354594,20.27202760276128
4556,RidgeAR,144.042,230.889,101,14.39678444458592,17.33832825973999
4556,RidgeAR,230.889,269.967,101,5.379663158258521,13.250289630479218
4556,RidgeAR,269.967,363.677,101,6.235659417185465,23.76568594228346
4556,RidgeAR,363.677,429.092,100,23.71824570588236,35.17712785017306
4556,RidgeAR,429.092,461.592,101,17.299704008183497,29.783968867026157
4556,RidgeAR,461.592,495.223,101,13.837353147645734,26.058188737010507
4556,RidgeAR,495.223,530.509,100,3.3444904365180332,23.000469404310603
4556,RidgeAR,530.509,581.076,101,0.4686042733760998,26.490353401636224
4556,RidgeAR,581.076,673.484,101,-2.3743818873189118,31.220040716754852
4556,RidgeAR,673.484,953.0,101,-20.423388428204728,38.96136553011147
4556,LSTM,144.042,230.889,101,18.560369833305366,21.688512220447933
4556,LSTM,230.889,269.967,101,13.45525113671598,19.747111610118587
4556,LSTM,269.967,363.677,101,13.94012322252488,29.438416165916255
4556,LSTM,363.677,429.092,100,34.79582122407322,43.80078328748673
4556,LSTM,429.092,461.592,101,25.45848723155283,32.21425939977234
4556,LSTM,461.592,495.223,101,23.332298356934682,31.007610886709198
4556,LSTM,495.223,530.509,100,10.456091710606065,24.018198699846334
4556,LSTM,530.509,581.076,101,6.401866235301247,23.676096163776762
4556,LSTM,581.076,673.484,101,-3.0696375213157667,33.61428741880895
4556,LSTM,673.484,953.0,101,-10.828220882658327,40.09389448449726
4556,CausalCNN,144.042,230.889,101,1.6655521209482236,15.892793687443174
4556,CausalCNN,230.889,269.967,101,-3.5124291564285848,17.586135016513982
4556,CausalCNN,269.967,363.677,101,4.1212195328187935,23.784626027190495
4556,CausalCNN,363.677,429.092,100,22.04022522590523,35.98030815515241
4556,CausalCNN,429.092,461.592,101,17.296996331682525,32.04538163161637
4556,CausalCNN,461.592,495.223,101,15.621891912410506,30.130026329937877
4556,CausalCNN,495.223,530.509,100,8.790374732220014,27.604122316975996
4556,CausalCNN,530.509,581.076,101,6.723643014282485,26.55962758002919
4556,CausalCNN,581.076,673.484,101,-0.9358155710677942,28.87932422357103
4556,CausalCNN,673.484,953.0,101,-23.59243065711945,38.579230802877085
