experiment,model,area,seed,val_rmse,val_mae,train_seconds,best_epoch,config,rationale
initial,RidgeAR,5161,42,159.07376794828673,112.89517221303952,0.012957291000930127,,"{""lookback"": 36, ""alpha"": 1.0}",Initial compact models with six hours of history. A regularized linear autoregression tests whether local linear dependence suffices; LSTM tests gated nonlinear memory; causal dilated CNN tests convolutional sequence modeling. Daily history will be investigated after validation results and training-period temporal analysis.
initial,LSTM,5161,42,163.29918366595584,109.26197527528576,4.3697936669996125,9.0,"{""lookback"": 36, ""width"": 16, ""learning_rate"": 0.001, ""epochs"": 20, ""patience"": 4}",Initial compact models with six hours of history. A regularized linear autoregression tests whether local linear dependence suffices; LSTM tests gated nonlinear memory; causal dilated CNN tests convolutional sequence modeling. Daily history will be investigated after validation results and training-period temporal analysis.
initial,CausalCNN,5161,42,161.02271551649835,107.93491017745734,5.453680667000299,20.0,"{""lookback"": 36, ""width"": 8, ""dilations"": [1, 2, 4, 8, 16], ""learning_rate"": 0.001, ""epochs"": 20, ""patience"": 4}",Initial compact models with six hours of history. A regularized linear autoregression tests whether local linear dependence suffices; LSTM tests gated nonlinear memory; causal dilated CNN tests convolutional sequence modeling. Daily history will be investigated after validation results and training-period temporal analysis.
daily_history,RidgeAR,5161,42,153.13440305737217,106.78512600331089,0.04534754199994495,,"{""lookback"": 144, ""alpha"": 1.0}","After the six-hour initial run, validation RMSE was RidgeAR 159.07, LSTM 163.30 and CausalCNN 161.02. Training-only daily-lag correlation is 0.894 and weekly-lag correlation 0.952. Test a full-day history (144 steps) while retaining widths, learning rates and epoch budgets. Extend CNN dilations only as needed to cover the larger history. Identical eligibility masks keep evaluation timestamps fixed."
daily_history,LSTM,5161,42,160.25927674339334,106.5407087876962,20.42918437499975,17.0,"{""lookback"": 144, ""width"": 16, ""learning_rate"": 0.001, ""epochs"": 20, ""patience"": 4}","After the six-hour initial run, validation RMSE was RidgeAR 159.07, LSTM 163.30 and CausalCNN 161.02. Training-only daily-lag correlation is 0.894 and weekly-lag correlation 0.952. Test a full-day history (144 steps) while retaining widths, learning rates and epoch budgets. Extend CNN dilations only as needed to cover the larger history. Identical eligibility masks keep evaluation timestamps fixed."
daily_history,CausalCNN,5161,42,160.2808043095038,106.1642565577027,12.874201458000243,12.0,"{""lookback"": 144, ""width"": 8, ""dilations"": [1, 2, 4, 8, 16, 32, 64], ""learning_rate"": 0.001, ""epochs"": 20, ""patience"": 4}","After the six-hour initial run, validation RMSE was RidgeAR 159.07, LSTM 163.30 and CausalCNN 161.02. Training-only daily-lag correlation is 0.894 and weekly-lag correlation 0.952. Test a full-day history (144 steps) while retaining widths, learning rates and epoch budgets. Extend CNN dilations only as needed to cover the larger history. Identical eligibility masks keep evaluation timestamps fixed."
capacity,RidgeAR,5161,42,152.39278347095748,106.06624064663019,0.250864667003043,,"{""lookback"": 144, ""alpha"": 10}","Full-day history reduced validation RMSE to 153.13 (RidgeAR), 160.26 (LSTM), and 160.28 (CausalCNN). Test stronger regularization of correlated linear lags (alpha 10) and double neural widths (32 and 16), keeping history, learning rate and stopping budgets fixed, to assess whether limited capacity explains the remaining neural error."
capacity,LSTM,5161,42,162.04230184252413,107.61917458876601,18.47261595801683,5.0,"{""lookback"": 144, ""width"": 32, ""learning_rate"": 0.001, ""epochs"": 20, ""patience"": 4}","Full-day history reduced validation RMSE to 153.13 (RidgeAR), 160.26 (LSTM), and 160.28 (CausalCNN). Test stronger regularization of correlated linear lags (alpha 10) and double neural widths (32 and 16), keeping history, learning rate and stopping budgets fixed, to assess whether limited capacity explains the remaining neural error."
capacity,CausalCNN,5161,42,160.086951178327,106.11151574066803,27.231436291971477,7.0,"{""lookback"": 144, ""width"": 16, ""dilations"": [1, 2, 4, 8, 16, 32, 64], ""learning_rate"": 0.001, ""epochs"": 20, ""patience"": 4}","Full-day history reduced validation RMSE to 153.13 (RidgeAR), 160.26 (LSTM), and 160.28 (CausalCNN). Test stronger regularization of correlated linear lags (alpha 10) and double neural widths (32 and 16), keeping history, learning rate and stopping budgets fixed, to assess whether limited capacity explains the remaining neural error."
